{
    "predict_bleu-4": 27.675636,
    "predict_rouge-1": 34.32906425,
    "predict_rouge-2": 13.413141000000001,
    "predict_rouge-l": 27.05132725,
    "predict_runtime": 245.4341,
    "predict_samples_per_second": 1.63,
    "predict_steps_per_second": 1.63
}